District,School DBN,School Name,School Year,Attendence Rate,Absense Rate
2,02M104,J.H.S. 104 Simon Baruch ,2016,0.960969778,0.039030222
2,02M104,J.H.S. 104 Simon Baruch ,2017,0.959409159,0.040590841
2,02M104,J.H.S. 104 Simon Baruch ,2018,0.962373294,0.037626706
2,02M104,J.H.S. 104 Simon Baruch ,2019,0.964573691,0.035385992
2,02M104,J.H.S. 104 Simon Baruch ,2020,0.964137486,0.035791803
2,02M104,J.H.S. 104 Simon Baruch ,2021,0.959756513,0.038429428
2,02M114,East Side Middle School ,2016,0.972758489,0.027241511
2,02M114,East Side Middle School ,2017,0.973722028,0.026277972
2,02M114,East Side Middle School ,2018,0.975813522,0.024186478
2,02M114,East Side Middle School ,2019,0.973781135,0.026218865
2,02M114,East Side Middle School ,2020,0.972782403,0.027217597
2,02M114,East Side Middle School ,2021,0.980938116,0.019061884
2,02M126,Manhattan Academy of Technology/Jacob Riis ,2016,0.969351121,0.030648879
2,02M126,Manhattan Academy of Technology/Jacob Riis ,2017,0.963199977,0.036800023
2,02M126,Manhattan Academy of Technology/Jacob Riis ,2018,0.96617011,0.03382989
2,02M126,Manhattan Academy of Technology/Jacob Riis ,2019,0.967312097,0.031841995
2,02M126,Manhattan Academy of Technology/Jacob Riis ,2020,0.967688473,0.032226394
2,02M126,Manhattan Academy of Technology/Jacob Riis ,2021,0.965079797,0.034920203
2,02M131,Sun Yat Sen Middle School ,2016,0.971490223,0.028509777
2,02M131,Sun Yat Sen Middle School ,2017,0.975054,0.024946
2,02M131,Sun Yat Sen Middle School ,2018,0.975636014,0.024363986
2,02M131,Sun Yat Sen Middle School ,2019,0.972798833,0.026908488
2,02M131,Sun Yat Sen Middle School ,2020,0.965376145,0.0344565
2,02M131,Sun Yat Sen Middle School ,2021,0.91466581,0.08533419
2,02M167,J.H.S. 167 Robert F. Wagner ,2016,0.958382888,0.041617112
2,02M167,J.H.S. 167 Robert F. Wagner ,2017,0.959482733,0.040517267
2,02M167,J.H.S. 167 Robert F. Wagner ,2018,0.960763525,0.039236475
2,02M167,J.H.S. 167 Robert F. Wagner ,2019,0.9586147,0.041013201
2,02M167,J.H.S. 167 Robert F. Wagner ,2020,0.957390968,0.042447857
2,02M167,J.H.S. 167 Robert F. Wagner ,2021,0.93157787,0.068350241
2,02M177,Yorkville East Middle School ,2016,0.956938767,0.043061233
2,02M177,Yorkville East Middle School ,2017,0.952558215,0.047441785
2,02M177,Yorkville East Middle School ,2018,0.952913563,0.047086437
2,02M177,Yorkville East Middle School ,2019,0.949434719,0.049789234
2,02M177,Yorkville East Middle School ,2020,0.9609882,0.038705003
2,02M177,Yorkville East Middle School ,2021,0.957491914,0.042508086
2,02M217,P.S./I.S. 217 Roosevelt Island ,2016,0.950973338,0.049026662
2,02M217,P.S./I.S. 217 Roosevelt Island ,2017,0.947188635,0.052811365
2,02M217,P.S./I.S. 217 Roosevelt Island ,2018,0.950328935,0.049671065
2,02M217,P.S./I.S. 217 Roosevelt Island ,2019,0.950205035,0.049794965
2,02M217,P.S./I.S. 217 Roosevelt Island ,2020,0.957159406,0.041768051
2,02M217,P.S./I.S. 217 Roosevelt Island ,2021,0.959698162,0.040301838
2,02M225,Ella Baker School ,2016,0.930186327,0.069813673
2,02M225,Ella Baker School ,2017,0.932662568,0.067337432
2,02M225,Ella Baker School ,2018,0.932537166,0.067462834
2,02M225,Ella Baker School ,2019,0.931593241,0.068406759
2,02M225,Ella Baker School ,2020,0.934260363,0.065739637
2,02M225,Ella Baker School ,2021,0.951987124,0.048012876
2,02M255,M.S. 255 Salk School of Science ,2016,0.971022507,0.028977493
2,02M255,M.S. 255 Salk School of Science ,2017,0.969328999,0.030671001
2,02M255,M.S. 255 Salk School of Science ,2018,0.971639754,0.028360246
2,02M255,M.S. 255 Salk School of Science ,2019,0.971984542,0.027915681
2,02M255,M.S. 255 Salk School of Science ,2020,0.968698602,0.031301398
2,02M255,M.S. 255 Salk School of Science ,2021,0.981221061,0.018778939
2,02M260,The Clinton School ,2016,0.966646868,0.033353132
2,02M260,The Clinton School ,2017,0.969807605,0.030192395
2,02M260,The Clinton School ,2018,0.963899058,0.036100942
2,02M260,The Clinton School ,2019,0.924914401,0.038556173
2,02M260,The Clinton School ,2020,0.936768952,0.040633799
2,02M260,The Clinton School ,2021,0.94095779,0.053258772
2,02M276,Battery Park City School ,2016,0.956601309,0.043398691
2,02M276,Battery Park City School ,2017,0.954583498,0.045416502
2,02M276,Battery Park City School ,2018,0.955956611,0.044043389
2,02M276,Battery Park City School ,2019,0.95471127,0.045170179
2,02M276,Battery Park City School ,2020,0.957296954,0.042134299
2,02M276,Battery Park City School ,2021,0.976762923,0.023237077
2,02M289,Hudson River Middle School ,2016,0.974158183,0.025841817
2,02M289,Hudson River Middle School ,2017,0.971444784,0.028555216
2,02M289,Hudson River Middle School ,2018,0.966598664,0.033401336
2,02M289,Hudson River Middle School ,2019,0.969225639,0.03075458
2,02M289,Hudson River Middle School ,2020,0.96977143,0.030133708
2,02M289,Hudson River Middle School ,2021,0.974748226,0.025251774
2,02M297,M.S. 297 ,2018,0.956340167,0.043659833
2,02M297,M.S. 297 ,2019,0.942447326,0.057202406
2,02M297,M.S. 297 ,2020,0.939279521,0.060720479
2,02M297,M.S. 297 ,2021,0.925126055,0.074873945
2,02M312,New York City Lab Middle School for Collaborative Studies ,2016,0.978671125,0.021328875
2,02M312,New York City Lab Middle School for Collaborative Studies ,2017,0.980247951,0.019752049
2,02M312,New York City Lab Middle School for Collaborative Studies ,2018,0.979682346,0.020317654
2,02M312,New York City Lab Middle School for Collaborative Studies ,2019,0.981697577,0.01788332
2,02M312,New York City Lab Middle School for Collaborative Studies ,2020,0.978928228,0.021028439
2,02M312,New York City Lab Middle School for Collaborative Studies ,2021,0.984996789,0.015003211
2,02M347,The 47 American Sign Language & English Lower School ,2016,0.912995725,0.087004275
2,02M347,The 47 American Sign Language & English Lower School ,2017,0.919387154,0.080612846
2,02M347,The 47 American Sign Language & English Lower School ,2018,0.913823905,0.086176095
2,02M347,The 47 American Sign Language & English Lower School ,2019,0.903849885,0.096150115
2,02M347,The 47 American Sign Language & English Lower School ,2020,0.902493654,0.097506346
2,02M347,The 47 American Sign Language & English Lower School ,2021,0.883261068,0.116738932
2,02M397,Spruce Street School ,2016,0.955624697,0.044375303
2,02M397,Spruce Street School ,2017,0.956536309,0.043463691
2,02M397,Spruce Street School ,2018,0.953247832,0.046752168
2,02M397,Spruce Street School ,2019,0.950141614,0.049717359
2,02M397,Spruce Street School ,2020,0.947471579,0.052528421
2,02M397,Spruce Street School ,2021,0.952734326,0.047265674
2,02M407,Institute for Collaborative Education ,2016,0.937867016,0.062132984
2,02M407,Institute for Collaborative Education ,2017,0.937798625,0.062201375
2,02M407,Institute for Collaborative Education ,2018,0.937421267,0.062578733
2,02M407,Institute for Collaborative Education ,2019,0.908728343,0.062337049
2,02M407,Institute for Collaborative Education ,2020,0.919096063,0.061257714
2,02M407,Institute for Collaborative Education ,2021,0.951213958,0.048786042
2,02M408,Professional Performing Arts School ,2016,0.940903541,0.059096459
2,02M408,Professional Performing Arts School ,2017,0.935403685,0.064596315
2,02M408,Professional Performing Arts School ,2018,0.928633687,0.071366313
2,02M408,Professional Performing Arts School ,2019,0.899486036,0.06019783
2,02M408,Professional Performing Arts School ,2020,0.894483053,0.077326129
2,02M408,Professional Performing Arts School ,2021,0.947298669,0.033565748
2,02M413,School of the Future Middle and High School ,2016,0.952627813,0.047372187
2,02M413,School of the Future Middle and High School ,2017,0.948779807,0.051220193
2,02M413,School of the Future Middle and High School ,2018,0.948574446,0.051425554
2,02M413,School of the Future Middle and High School ,2019,0.935605,0.043305987
2,02M413,School of the Future Middle and High School ,2020,0.953345029,0.046373105
2,02M413,School of the Future Middle and High School ,2021,0.935987096,0.063653598
2,02M422,Quest to Learn ,2016,0.918486043,0.081513957
2,02M422,Quest to Learn ,2017,0.900300719,0.099699281
2,02M422,Quest to Learn ,2018,0.904729195,0.095270805
2,02M422,Quest to Learn ,2019,0.839229165,0.112624127
2,02M422,Quest to Learn ,2020,0.862423394,0.113824
2,02M422,Quest to Learn ,2021,0.869868038,0.110469663
2,02M442,"Ballet Tech, NYC Public School for Dance ",2016,0.967220426,0.032779574
2,02M442,"Ballet Tech, NYC Public School for Dance ",2017,0.961064489,0.038935511
2,02M442,"Ballet Tech, NYC Public School for Dance ",2018,0.965460268,0.034539732
2,02M442,"Ballet Tech, NYC Public School for Dance ",2019,0.966513958,0.033486042
2,02M442,"Ballet Tech, NYC Public School for Dance ",2020,0.957727748,0.042272252
2,02M442,"Ballet Tech, NYC Public School for Dance ",2021,0.979042482,0.020957518
2,02M896,Lower Manhattan Community Middle School ,2016,0.966572238,0.033427762
2,02M896,Lower Manhattan Community Middle School ,2017,0.966690782,0.033309218
2,02M896,Lower Manhattan Community Middle School ,2018,0.968257921,0.031742079
2,02M896,Lower Manhattan Community Middle School ,2019,0.966828084,0.033157324
2,02M896,Lower Manhattan Community Middle School ,2020,0.967224772,0.032752163
2,02M896,Lower Manhattan Community Middle School ,2021,0.977558009,0.022441991
2,02M933,City Knoll Middle School ,2016,0.936549204,0.063450796
2,02M933,City Knoll Middle School ,2017,0.935426029,0.064573971
2,02M933,City Knoll Middle School ,2018,0.909602201,0.090397799
2,02M933,City Knoll Middle School ,2019,0.913189258,0.086778821
2,02M933,City Knoll Middle School ,2020,0.903702207,0.096128398
2,02M933,City Knoll Middle School ,2021,0.799040947,0.200959053
10,10X003,P.S. 3 Raul Julia Micro Society ,2016,0.916601934,0.083398066
10,10X003,P.S. 3 Raul Julia Micro Society ,2017,0.910035012,0.089964988
10,10X003,P.S. 3 Raul Julia Micro Society ,2018,0.906994657,0.093005343
10,10X003,P.S. 3 Raul Julia Micro Society ,2019,0.917348364,0.081752139
10,10X003,P.S. 3 Raul Julia Micro Society ,2020,0.916541323,0.081494848
10,10X003,P.S. 3 Raul Julia Micro Society ,2021,0.933981493,0.066018507
10,10X015,P.S. X015 Institute for Environmental Learning ,2016,0.952742091,0.047257909
10,10X015,P.S. X015 Institute for Environmental Learning ,2017,0.943442201,0.056557799
10,10X015,P.S. X015 Institute for Environmental Learning ,2018,0.944629926,0.055370074
10,10X015,P.S. X015 Institute for Environmental Learning ,2019,0.937091401,0.062884944
10,10X015,P.S. X015 Institute for Environmental Learning ,2020,0.942736162,0.057066098
10,10X015,P.S. X015 Institute for Environmental Learning ,2021,0.89278084,0.10721916
10,10X020,"PS/MS 20 P.O.George J. Werdann, III ",2016,0.925288293,0.074711707
10,10X020,"PS/MS 20 P.O.George J. Werdann, III ",2017,0.920354727,0.079645273
10,10X020,"PS/MS 20 P.O.George J. Werdann, III ",2018,0.910990857,0.089009143
10,10X020,"PS/MS 20 P.O.George J. Werdann, III ",2019,0.907082829,0.092154515
10,10X020,"PS/MS 20 P.O.George J. Werdann, III ",2020,0.923074134,0.076867981
10,10X020,"PS/MS 20 P.O.George J. Werdann, III ",2021,0.89616752,0.103825645
10,10X037,P.S. X037 - Multiple Intelligence School ,2016,0.924326483,0.075673517
10,10X037,P.S. X037 - Multiple Intelligence School ,2017,0.915213541,0.084786459
10,10X037,P.S. X037 - Multiple Intelligence School ,2018,0.900913262,0.099086738
10,10X037,P.S. X037 - Multiple Intelligence School ,2019,0.898588533,0.101384925
10,10X037,P.S. X037 - Multiple Intelligence School ,2020,0.913879723,0.086120277
10,10X037,P.S. X037 - Multiple Intelligence School ,2021,0.866483309,0.133506788
10,10X045,Thomas C. Giordano Middle School 45 ,2016,0.914393708,0.085606292
10,10X045,Thomas C. Giordano Middle School 45 ,2017,0.917223886,0.082776114
10,10X045,Thomas C. Giordano Middle School 45 ,2018,0.90525338,0.09474662
10,10X045,Thomas C. Giordano Middle School 45 ,2019,0.903568639,0.095985222
10,10X045,Thomas C. Giordano Middle School 45 ,2020,0.920929844,0.078874402
10,10X045,Thomas C. Giordano Middle School 45 ,2021,0.835158359,0.164691485
10,10X080,J.H.S. 080 The Mosholu Parkway ,2016,0.935842668,0.064157332
10,10X080,J.H.S. 080 The Mosholu Parkway ,2017,0.942102181,0.057897819
10,10X080,J.H.S. 080 The Mosholu Parkway ,2018,0.927923866,0.072076134
10,10X080,J.H.S. 080 The Mosholu Parkway ,2019,0.927655908,0.072055504
10,10X080,J.H.S. 080 The Mosholu Parkway ,2020,0.919989028,0.079740457
10,10X080,J.H.S. 080 The Mosholu Parkway ,2021,0.886659107,0.113340893
10,10X095,P.S. 095 Sheila Mencher ,2016,0.923674233,0.076325767
10,10X095,P.S. 095 Sheila Mencher ,2017,0.919160098,0.080839902
10,10X095,P.S. 095 Sheila Mencher ,2018,0.915657827,0.084342173
10,10X095,P.S. 095 Sheila Mencher ,2019,0.910906974,0.088929676
10,10X095,P.S. 095 Sheila Mencher ,2020,0.911067497,0.088856492
10,10X095,P.S. 095 Sheila Mencher ,2021,0.876077349,0.123917167
10,10X118,J.H.S. 118 William W. Niles ,2016,0.926953133,0.073046867
10,10X118,J.H.S. 118 William W. Niles ,2017,0.922556588,0.077443412
10,10X118,J.H.S. 118 William W. Niles ,2018,0.911485577,0.088514423
10,10X118,J.H.S. 118 William W. Niles ,2019,0.911766752,0.088008607
10,10X118,J.H.S. 118 William W. Niles ,2020,0.923434263,0.076540829
10,10X118,J.H.S. 118 William W. Niles ,2021,0.869516848,0.130483152
10,10X141,Riverdale / Kingsbridge Academy ,2016,0.935268766,0.064731234
10,10X141,Riverdale / Kingsbridge Academy ,2017,0.938299804,0.061700196
10,10X141,Riverdale / Kingsbridge Academy ,2018,0.938787029,0.061212971
10,10X141,Riverdale / Kingsbridge Academy ,2019,0.896498365,0.058868091
10,10X141,Riverdale / Kingsbridge Academy ,2020,0.926606376,0.056745679
10,10X141,Riverdale / Kingsbridge Academy ,2021,0.906272491,0.093712795
10,10X206,I.S. 206 Ann Mersereau ,2016,0.892450492,0.107549508
10,10X206,I.S. 206 Ann Mersereau ,2017,0.905002615,0.094997385
10,10X206,I.S. 206 Ann Mersereau ,2018,0.903433123,0.096566877
10,10X206,I.S. 206 Ann Mersereau ,2019,0.904465286,0.095534714
10,10X206,I.S. 206 Ann Mersereau ,2020,0.916094489,0.083905511
10,10X206,I.S. 206 Ann Mersereau ,2021,0.910343465,0.089656535
10,10X225,Theatre Arts Production Company School ,2016,0.874261603,0.125738397
10,10X225,Theatre Arts Production Company School ,2017,0.875524462,0.124475538
10,10X225,Theatre Arts Production Company School ,2018,0.851926028,0.148073972
10,10X225,Theatre Arts Production Company School ,2019,0.831992793,0.122763197
10,10X225,Theatre Arts Production Company School ,2020,0.866622404,0.108726338
10,10X225,Theatre Arts Production Company School ,2021,0.809957877,0.190021153
10,10X228,Jonas Bronck Academy ,2016,0.981226881,0.018773119
10,10X228,Jonas Bronck Academy ,2017,0.98162825,0.01837175
10,10X228,Jonas Bronck Academy ,2018,0.983203485,0.016796515
10,10X228,Jonas Bronck Academy ,2019,0.980838921,0.018467983
10,10X228,Jonas Bronck Academy ,2020,0.977778687,0.021271925
10,10X228,Jonas Bronck Academy ,2021,0.987376508,0.012623492
10,10X243,West Bronx Academy for the Future ,2016,0.897642178,0.102357822
10,10X243,West Bronx Academy for the Future ,2017,0.882403158,0.117596842
10,10X243,West Bronx Academy for the Future ,2018,0.894240163,0.105759837
10,10X243,West Bronx Academy for the Future ,2019,0.862718395,0.098838258
10,10X243,West Bronx Academy for the Future ,2020,0.89243519,0.089122678
10,10X243,West Bronx Academy for the Future ,2021,0.901982389,0.09800854
10,10X244,The New School for Leadership and Journalism ,2016,0.934035226,0.065964774
10,10X244,The New School for Leadership and Journalism ,2017,0.926891939,0.073108061
10,10X244,The New School for Leadership and Journalism ,2018,0.929259991,0.070740009
10,10X244,The New School for Leadership and Journalism ,2019,0.924199027,0.075278738
10,10X244,The New School for Leadership and Journalism ,2020,0.935774017,0.063743809
10,10X244,The New School for Leadership and Journalism ,2021,0.937181687,0.062818313
10,10X254,I.S. 254 ,2016,0.915345487,0.084654513
10,10X254,I.S. 254 ,2017,0.912076484,0.087923516
10,10X254,I.S. 254 ,2018,0.905255919,0.094744081
10,10X254,I.S. 254 ,2019,0.915427197,0.084572803
10,10X254,I.S. 254 ,2020,0.927083401,0.072806333
10,10X254,I.S. 254 ,2021,0.925508419,0.074491581
10,10X279,"P.S. 279 Captain Manuel Rivera, Jr. ",2016,0.940690668,0.059309332
10,10X279,"P.S. 279 Captain Manuel Rivera, Jr. ",2017,0.937302445,0.062697555
10,10X279,"P.S. 279 Captain Manuel Rivera, Jr. ",2018,0.935707878,0.064292122
10,10X279,"P.S. 279 Captain Manuel Rivera, Jr. ",2019,0.935675163,0.064167009
10,10X279,"P.S. 279 Captain Manuel Rivera, Jr. ",2020,0.935443401,0.064547378
10,10X279,"P.S. 279 Captain Manuel Rivera, Jr. ",2021,0.955340311,0.044601373
10,10X280,P.S./M.S. 280 Mosholu Parkway ,2016,0.933391434,0.066608566
10,10X280,P.S./M.S. 280 Mosholu Parkway ,2017,0.924432686,0.075567314
10,10X280,P.S./M.S. 280 Mosholu Parkway ,2018,0.917266718,0.082733282
10,10X280,P.S./M.S. 280 Mosholu Parkway ,2019,0.918337728,0.081655232
10,10X280,P.S./M.S. 280 Mosholu Parkway ,2020,0.923258604,0.076741396
10,10X280,P.S./M.S. 280 Mosholu Parkway ,2021,0.870079738,0.129920262
10,10X308,Bronx Dance Academy School ,2016,0.939466032,0.060533968
10,10X308,Bronx Dance Academy School ,2017,0.931823386,0.068176614
10,10X308,Bronx Dance Academy School ,2018,0.931083072,0.068916928
10,10X308,Bronx Dance Academy School ,2019,0.927719961,0.072280039
10,10X308,Bronx Dance Academy School ,2020,0.927413717,0.072586283
10,10X308,Bronx Dance Academy School ,2021,0.885826164,0.114173836
10,10X315,P.S. 315 Lab School ,2016,0.945159976,0.054840024
10,10X315,P.S. 315 Lab School ,2017,0.934730276,0.065269724
10,10X315,P.S. 315 Lab School ,2018,0.922815888,0.077184112
10,10X315,P.S. 315 Lab School ,2019,0.925502853,0.074497147
10,10X315,P.S. 315 Lab School ,2020,0.938830106,0.061169894
10,10X315,P.S. 315 Lab School ,2021,0.913538393,0.086461607
10,10X331,The Bronx School of Young Leaders ,2016,0.946347788,0.053652212
10,10X331,The Bronx School of Young Leaders ,2017,0.952916464,0.047083536
10,10X331,The Bronx School of Young Leaders ,2018,0.9482113,0.0517887
10,10X331,The Bronx School of Young Leaders ,2019,0.942205407,0.057781648
10,10X331,The Bronx School of Young Leaders ,2020,0.946588271,0.053372337
10,10X331,The Bronx School of Young Leaders ,2021,0.911022372,0.088939018
10,10X342,International School for Liberal Arts ,2016,0.937034359,0.062965641
10,10X342,International School for Liberal Arts ,2017,0.927434953,0.072565047
10,10X342,International School for Liberal Arts ,2018,0.918084862,0.081915138
10,10X342,International School for Liberal Arts ,2019,0.875837584,0.077424456
10,10X342,International School for Liberal Arts ,2020,0.887466161,0.08670853
10,10X342,International School for Liberal Arts ,2021,0.913531972,0.086468028
10,10X363,Academy For Personal Leadership And Excellence ,2016,0.927078944,0.072921056
10,10X363,Academy For Personal Leadership And Excellence ,2017,0.932152035,0.067847965
10,10X363,Academy For Personal Leadership And Excellence ,2018,0.92848938,0.07151062
10,10X363,Academy For Personal Leadership And Excellence ,2019,0.929377834,0.070592906
10,10X363,Academy For Personal Leadership And Excellence ,2020,0.918102815,0.081867808
10,10X363,Academy For Personal Leadership And Excellence ,2021,0.861774571,0.138225429
10,10X368,In-Tech Academy ,2016,0.932174912,0.067825088
10,10X368,In-Tech Academy ,2017,0.922721061,0.077278939
10,10X368,In-Tech Academy ,2018,0.917912691,0.082087309
10,10X368,In-Tech Academy ,2019,0.885879303,0.073735685
10,10X368,In-Tech Academy ,2020,0.911542132,0.06853516
10,10X368,In-Tech Academy ,2021,0.830714028,0.169285972
10,10X390,M.S. 390 ,2016,0.932816281,0.067183719
10,10X390,M.S. 390 ,2017,0.937945831,0.062054169
10,10X390,M.S. 390 ,2018,0.932360385,0.067639615
10,10X390,M.S. 390 ,2019,0.948828888,0.050248653
10,10X390,M.S. 390 ,2020,0.945405002,0.054263496
10,10X390,M.S. 390 ,2021,0.933675197,0.066241474
10,10X391,The Angelo Patri Middle School ,2016,0.925178316,0.074821684
10,10X391,The Angelo Patri Middle School ,2017,0.923183384,0.076816616
10,10X391,The Angelo Patri Middle School ,2018,0.910778615,0.089221385
10,10X391,The Angelo Patri Middle School ,2019,0.917472761,0.082479677
10,10X391,The Angelo Patri Middle School ,2020,0.91960355,0.08039645
10,10X391,The Angelo Patri Middle School ,2021,0.872393091,0.127523892
10,10X447,Creston Academy ,2016,0.93388352,0.06611648
10,10X447,Creston Academy ,2017,0.929913173,0.070086827
10,10X447,Creston Academy ,2018,0.933186455,0.066813545
10,10X447,Creston Academy ,2019,0.938283202,0.06047933
10,10X447,Creston Academy ,2020,0.946718545,0.053129315
10,10X447,Creston Academy ,2021,0.907028724,0.092971276
20,20K030,P.S./I.S. 30 Mary White Ovington ,2016,0.953993157,0.046006843
20,20K030,P.S./I.S. 30 Mary White Ovington ,2017,0.952343551,0.047656449
20,20K030,P.S./I.S. 30 Mary White Ovington ,2018,0.957807649,0.042192351
20,20K030,P.S./I.S. 30 Mary White Ovington ,2019,0.956279909,0.043448765
20,20K030,P.S./I.S. 30 Mary White Ovington ,2020,0.953099683,0.046855821
20,20K030,P.S./I.S. 30 Mary White Ovington ,2021,0.9192497,0.080714758
20,20K062,J.H.S. 062 Ditmas ,2016,0.954370569,0.045629431
20,20K062,J.H.S. 062 Ditmas ,2017,0.953365872,0.046634128
20,20K062,J.H.S. 062 Ditmas ,2018,0.948801627,0.051198373
20,20K062,J.H.S. 062 Ditmas ,2019,0.943944064,0.055780617
20,20K062,J.H.S. 062 Ditmas ,2020,0.938962308,0.060815555
20,20K062,J.H.S. 062 Ditmas ,2021,0.874539129,0.125460871
20,20K104,P.S./I.S. 104 The Fort Hamilton School ,2016,0.957531686,0.042468314
20,20K104,P.S./I.S. 104 The Fort Hamilton School ,2017,0.956288279,0.043711721
20,20K104,P.S./I.S. 104 The Fort Hamilton School ,2018,0.950527401,0.049472599
20,20K104,P.S./I.S. 104 The Fort Hamilton School ,2019,0.951178434,0.048626804
20,20K104,P.S./I.S. 104 The Fort Hamilton School ,2020,0.951103245,0.048847117
20,20K104,P.S./I.S. 104 The Fort Hamilton School ,2021,0.953711811,0.046288189
20,20K163,P.S. 163 Bath Beach ,2016,0.954835248,0.045164752
20,20K163,P.S. 163 Bath Beach ,2017,0.950552155,0.049447845
20,20K163,P.S. 163 Bath Beach ,2018,0.945767161,0.054232839
20,20K163,P.S. 163 Bath Beach ,2019,0.944233764,0.05573827
20,20K163,P.S. 163 Bath Beach ,2020,0.943190453,0.056697974
20,20K163,P.S. 163 Bath Beach ,2021,0.918947191,0.081052809
20,20K180,The SEEALL Academy ,2016,0.960616059,0.039383941
20,20K180,The SEEALL Academy ,2017,0.958886136,0.041113864
20,20K180,The SEEALL Academy ,2018,0.963950912,0.036049088
20,20K180,The SEEALL Academy ,2019,0.965874776,0.033605812
20,20K180,The SEEALL Academy ,2020,0.963049898,0.036802718
20,20K180,The SEEALL Academy ,2021,0.953297841,0.046702159
20,20K187,The Christa McAuliffe School\I.S. 187 ,2016,0.983003488,0.016996512
20,20K187,The Christa McAuliffe School\I.S. 187 ,2017,0.980826862,0.019173138
20,20K187,The Christa McAuliffe School\I.S. 187 ,2018,0.981737191,0.018262809
20,20K187,The Christa McAuliffe School\I.S. 187 ,2019,0.982962321,0.016824369
20,20K187,The Christa McAuliffe School\I.S. 187 ,2020,0.981062644,0.018928501
20,20K187,The Christa McAuliffe School\I.S. 187 ,2021,0.981428399,0.018571601
20,20K192,P.S. 192 - The Magnet School for Math and Science Inquiry ,2016,0.940088866,0.059911134
20,20K192,P.S. 192 - The Magnet School for Math and Science Inquiry ,2017,0.936864859,0.063135141
20,20K192,P.S. 192 - The Magnet School for Math and Science Inquiry ,2018,0.932699901,0.067300099
20,20K192,P.S. 192 - The Magnet School for Math and Science Inquiry ,2019,0.936854309,0.062844112
20,20K192,P.S. 192 - The Magnet School for Math and Science Inquiry ,2020,0.935203846,0.064327205
20,20K192,P.S. 192 - The Magnet School for Math and Science Inquiry ,2021,0.916867554,0.083132446
20,20K201,J.H.S. 201 The Dyker Heights ,2016,0.970068323,0.029931677
20,20K201,J.H.S. 201 The Dyker Heights ,2017,0.968040282,0.031959718
20,20K201,J.H.S. 201 The Dyker Heights ,2018,0.971509033,0.028490967
20,20K201,J.H.S. 201 The Dyker Heights ,2019,0.969338161,0.030570549
20,20K201,J.H.S. 201 The Dyker Heights ,2020,0.968484031,0.031336434
20,20K201,J.H.S. 201 The Dyker Heights ,2021,0.951791431,0.048208569
20,20K220,J.H.S. 220 John J. Pershing ,2016,0.956036915,0.043963085
20,20K220,J.H.S. 220 John J. Pershing ,2017,0.953740984,0.046259016
20,20K220,J.H.S. 220 John J. Pershing ,2018,0.94589259,0.05410741
20,20K220,J.H.S. 220 John J. Pershing ,2019,0.963429656,0.036190434
20,20K220,J.H.S. 220 John J. Pershing ,2020,0.960639328,0.039308421
20,20K220,J.H.S. 220 John J. Pershing ,2021,0.909428594,0.090571406
20,20K223,J.H.S. 223 The Montauk ,2016,0.958714254,0.041285746
20,20K223,J.H.S. 223 The Montauk ,2017,0.955308997,0.044691003
20,20K223,J.H.S. 223 The Montauk ,2018,0.960037064,0.039962936
20,20K223,J.H.S. 223 The Montauk ,2019,0.957912516,0.042075505
20,20K223,J.H.S. 223 The Montauk ,2020,0.956919536,0.043080464
20,20K223,J.H.S. 223 The Montauk ,2021,0.930567129,0.069432871
20,20K227,J.H.S. 227 Edward B. Shallow ,2016,0.961939493,0.038060507
20,20K227,J.H.S. 227 Edward B. Shallow ,2017,0.958284807,0.041715193
20,20K227,J.H.S. 227 Edward B. Shallow ,2018,0.961262421,0.038737579
20,20K227,J.H.S. 227 Edward B. Shallow ,2019,0.961171282,0.038814912
20,20K227,J.H.S. 227 Edward B. Shallow ,2020,0.955933011,0.044035425
20,20K227,J.H.S. 227 Edward B. Shallow ,2021,0.921174555,0.078825445
20,20K229,P.S. 229 Dyker ,2016,0.963961465,0.036038535
20,20K229,P.S. 229 Dyker ,2017,0.966417962,0.033582038
20,20K229,P.S. 229 Dyker ,2018,0.963791344,0.036208656
20,20K229,P.S. 229 Dyker ,2019,0.962933614,0.03666199
20,20K229,P.S. 229 Dyker ,2020,0.952155224,0.047358985
20,20K229,P.S. 229 Dyker ,2021,0.952171014,0.047828986
20,20K259,J.H.S. 259 William Mckinley ,2016,0.961059854,0.038940146
20,20K259,J.H.S. 259 William Mckinley ,2017,0.960196386,0.039803614
20,20K259,J.H.S. 259 William Mckinley ,2018,0.961349348,0.038650652
20,20K259,J.H.S. 259 William Mckinley ,2019,0.963515093,0.036390382
20,20K259,J.H.S. 259 William Mckinley ,2020,0.960057274,0.039938041
20,20K259,J.H.S. 259 William Mckinley ,2021,0.974623219,0.025376781
20,20K609,Urban Assembly School for Criminal Justice ,2016,0.919944821,0.080055179
20,20K609,Urban Assembly School for Criminal Justice ,2017,0.911783875,0.088216125
20,20K609,Urban Assembly School for Criminal Justice ,2018,0.915895004,0.084104996
20,20K609,Urban Assembly School for Criminal Justice ,2019,0.884254544,0.076517342
20,20K609,Urban Assembly School for Criminal Justice ,2020,0.913201296,0.066206443
20,20K609,Urban Assembly School for Criminal Justice ,2021,0.934607527,0.065392473
20,20K686,Brooklyn School of Inquiry ,2016,0.964361847,0.035638153
20,20K686,Brooklyn School of Inquiry ,2017,0.959591997,0.040408003
20,20K686,Brooklyn School of Inquiry ,2018,0.954505076,0.045494924
20,20K686,Brooklyn School of Inquiry ,2019,0.956710782,0.043289218
20,20K686,Brooklyn School of Inquiry ,2020,0.948497254,0.051388758
20,20K686,Brooklyn School of Inquiry ,2021,0.990498906,0.009501094
20,20K936,M.S. 936 ,2019,n/a,n/a
20,20K936,M.S. 936 ,2020,n/a,n/a
20,20K936,M.S. 936 ,2021,0.9635389,0.0364611
24,24Q005,I.S. 5 - The Walter Crowley Intermediate School ,2016,0.965889303,0.034110697
24,24Q005,I.S. 5 - The Walter Crowley Intermediate School ,2017,0.964634745,0.035365255
24,24Q005,I.S. 5 - The Walter Crowley Intermediate School ,2018,0.961980035,0.038019965
24,24Q005,I.S. 5 - The Walter Crowley Intermediate School ,2019,0.958840407,0.0411502
24,24Q005,I.S. 5 - The Walter Crowley Intermediate School ,2020,0.961451132,0.038355904
24,24Q005,I.S. 5 - The Walter Crowley Intermediate School ,2021,0.923634654,0.076361877
24,24Q049,P.S. 049 Dorothy Bonawit Kole ,2016,0.95574509,0.04425491
24,24Q049,P.S. 049 Dorothy Bonawit Kole ,2017,0.950224949,0.049775051
24,24Q049,P.S. 049 Dorothy Bonawit Kole ,2018,0.950923592,0.049076408
24,24Q049,P.S. 049 Dorothy Bonawit Kole ,2019,0.954443593,0.045509993
24,24Q049,P.S. 049 Dorothy Bonawit Kole ,2020,0.952295316,0.047704684
24,24Q049,P.S. 049 Dorothy Bonawit Kole ,2021,0.95093884,0.04906116
24,24Q061,I.S. 061 Leonardo Da Vinci ,2016,0.949093011,0.050906989
24,24Q061,I.S. 061 Leonardo Da Vinci ,2017,0.9487389,0.0512611
24,24Q061,I.S. 061 Leonardo Da Vinci ,2018,0.945868775,0.054131225
24,24Q061,I.S. 061 Leonardo Da Vinci ,2019,0.937014069,0.059373014
24,24Q061,I.S. 061 Leonardo Da Vinci ,2020,0.940453171,0.059454997
24,24Q061,I.S. 061 Leonardo Da Vinci ,2021,0.884996662,0.115003338
24,24Q073,I.S. 73 - The Frank Sansivieri Intermediate School ,2016,0.957523665,0.042476335
24,24Q073,I.S. 73 - The Frank Sansivieri Intermediate School ,2017,0.95489018,0.04510982
24,24Q073,I.S. 73 - The Frank Sansivieri Intermediate School ,2018,0.954620828,0.045379172
24,24Q073,I.S. 73 - The Frank Sansivieri Intermediate School ,2019,0.956491381,0.043385449
24,24Q073,I.S. 73 - The Frank Sansivieri Intermediate School ,2020,0.953740252,0.046181997
24,24Q073,I.S. 73 - The Frank Sansivieri Intermediate School ,2021,0.938512216,0.061485047
24,24Q077,I.S. 077 ,2016,0.93729603,0.06270397
24,24Q077,I.S. 077 ,2017,0.935323603,0.064676397
24,24Q077,I.S. 077 ,2018,0.928299761,0.071700239
24,24Q077,I.S. 077 ,2019,0.923203103,0.076666184
24,24Q077,I.S. 077 ,2020,0.92729634,0.072564925
24,24Q077,I.S. 077 ,2021,0.915526009,0.084385243
24,24Q087,P.S./I.S. 087 Middle Village ,2016,0.916854849,0.083145151
24,24Q087,P.S./I.S. 087 Middle Village ,2017,0.912204794,0.087795206
24,24Q087,P.S./I.S. 087 Middle Village ,2018,0.909106955,0.090893045
24,24Q087,P.S./I.S. 087 Middle Village ,2019,0.927112582,0.072249012
24,24Q087,P.S./I.S. 087 Middle Village ,2020,0.92830079,0.071198188
24,24Q087,P.S./I.S. 087 Middle Village ,2021,0.938210176,0.061789824
24,24Q093,I.S. 093 Ridgewood ,2016,0.946375333,0.053624667
24,24Q093,I.S. 093 Ridgewood ,2017,0.945101741,0.054898259
24,24Q093,I.S. 093 Ridgewood ,2018,0.942252136,0.057747864
24,24Q093,I.S. 093 Ridgewood ,2019,0.942917098,0.056749402
24,24Q093,I.S. 093 Ridgewood ,2020,0.941645502,0.058354498
24,24Q093,I.S. 093 Ridgewood ,2021,0.924186824,0.075813176
24,24Q102,P.S. 102 Bayview ,2016,0.96037474,0.03962526
24,24Q102,P.S. 102 Bayview ,2017,0.961477294,0.038522706
24,24Q102,P.S. 102 Bayview ,2018,0.961348642,0.038651358
24,24Q102,P.S. 102 Bayview ,2019,0.959971832,0.039291872
24,24Q102,P.S. 102 Bayview ,2020,0.95446053,0.045295287
24,24Q102,P.S. 102 Bayview ,2021,0.959410083,0.040575967
24,24Q113,P.S./I.S. 113 Anthony J. Pranzo ,2016,0.958761217,0.041238783
24,24Q113,P.S./I.S. 113 Anthony J. Pranzo ,2017,0.954166641,0.045833359
24,24Q113,P.S./I.S. 113 Anthony J. Pranzo ,2018,0.951540852,0.048459148
24,24Q113,P.S./I.S. 113 Anthony J. Pranzo ,2019,0.951718083,0.048224755
24,24Q113,P.S./I.S. 113 Anthony J. Pranzo ,2020,0.951970667,0.047728364
24,24Q113,P.S./I.S. 113 Anthony J. Pranzo ,2021,0.966593019,0.033406981
24,24Q119,I.S. 119 The Glendale ,2016,0.955941905,0.044058095
24,24Q119,I.S. 119 The Glendale ,2017,0.955368008,0.044631992
24,24Q119,I.S. 119 The Glendale ,2018,0.953557443,0.046442557
24,24Q119,I.S. 119 The Glendale ,2019,0.957831053,0.042076849
24,24Q119,I.S. 119 The Glendale ,2020,0.95718997,0.042803442
24,24Q119,I.S. 119 The Glendale ,2021,0.96767454,0.031956643
24,24Q125,I.S. 125 Thom J. McCann Woodside ,2016,0.953084281,0.046915719
24,24Q125,I.S. 125 Thom J. McCann Woodside ,2017,0.948785337,0.051214663
24,24Q125,I.S. 125 Thom J. McCann Woodside ,2018,0.954504268,0.045495732
24,24Q125,I.S. 125 Thom J. McCann Woodside ,2019,0.952207554,0.047677254
24,24Q125,I.S. 125 Thom J. McCann Woodside ,2020,0.955733181,0.044219049
24,24Q125,I.S. 125 Thom J. McCann Woodside ,2021,0.906932931,0.093067069
24,24Q128,"P.S. 128 The Lorraine Tuzzo, Juniper Valley Elementary School ",2016,0.959004005,0.040995995
24,24Q128,"P.S. 128 The Lorraine Tuzzo, Juniper Valley Elementary School ",2017,0.955452585,0.044547415
24,24Q128,"P.S. 128 The Lorraine Tuzzo, Juniper Valley Elementary School ",2018,0.954782477,0.045217523
24,24Q128,"P.S. 128 The Lorraine Tuzzo, Juniper Valley Elementary School ",2019,0.955999292,0.043900176
24,24Q128,"P.S. 128 The Lorraine Tuzzo, Juniper Valley Elementary School ",2020,0.954614199,0.045331368
24,24Q128,"P.S. 128 The Lorraine Tuzzo, Juniper Valley Elementary School ",2021,0.970336488,0.029663512
24,24Q311,Corona Arts & Sciences Academy ,2016,0.968670006,0.031329994
24,24Q311,Corona Arts & Sciences Academy ,2017,0.969183082,0.030816918
24,24Q311,Corona Arts & Sciences Academy ,2018,0.961464429,0.038535571
24,24Q311,Corona Arts & Sciences Academy ,2019,0.9584575,0.041498543
24,24Q311,Corona Arts & Sciences Academy ,2020,0.951509037,0.048490963
24,24Q311,Corona Arts & Sciences Academy ,2021,0.895563945,0.104436055
24,24Q560,"Robert F. Wagner, Jr. Secondary School for Arts and Technology ",2016,0.91051325,0.08948675
24,24Q560,"Robert F. Wagner, Jr. Secondary School for Arts and Technology ",2017,0.93484132,0.06515868
24,24Q560,"Robert F. Wagner, Jr. Secondary School for Arts and Technology ",2018,0.938682275,0.061317725
24,24Q560,"Robert F. Wagner, Jr. Secondary School for Arts and Technology ",2019,0.881292043,0.06102319
24,24Q560,"Robert F. Wagner, Jr. Secondary School for Arts and Technology ",2020,0.911472975,0.058573108
24,24Q560,"Robert F. Wagner, Jr. Secondary School for Arts and Technology ",2021,0.865792587,0.134207413
31,31R002,I.S. R002 George L. Egbert ,2016,0.942097848,0.057902152
31,31R002,I.S. R002 George L. Egbert ,2017,0.932271203,0.067728797
31,31R002,I.S. R002 George L. Egbert ,2018,0.924534234,0.075465766
31,31R002,I.S. R002 George L. Egbert ,2019,0.929457755,0.070287394
31,31R002,I.S. R002 George L. Egbert ,2020,0.92988037,0.069947542
31,31R002,I.S. R002 George L. Egbert ,2021,0.915908189,0.084091811
31,31R007,I.S. 007 Elias Bernstein ,2016,0.943730852,0.056269148
31,31R007,I.S. 007 Elias Bernstein ,2017,0.941046603,0.058953397
31,31R007,I.S. 007 Elias Bernstein ,2018,0.934295583,0.065704417
31,31R007,I.S. 007 Elias Bernstein ,2019,0.938960844,0.060789439
31,31R007,I.S. 007 Elias Bernstein ,2020,0.946523885,0.053454101
31,31R007,I.S. 007 Elias Bernstein ,2021,0.94158164,0.05841836
31,31R024,I.S. 024 Myra S. Barnes ,2016,0.944992033,0.055007967
31,31R024,I.S. 024 Myra S. Barnes ,2017,0.939750274,0.060249726
31,31R024,I.S. 024 Myra S. Barnes ,2018,0.935561589,0.064438411
31,31R024,I.S. 024 Myra S. Barnes ,2019,0.944913115,0.054980367
31,31R024,I.S. 024 Myra S. Barnes ,2020,0.943288728,0.056209907
31,31R024,I.S. 024 Myra S. Barnes ,2021,0.889238255,0.110761745
31,31R027,I.S. 027 Anning S. Prall ,2016,0.922883152,0.077116848
31,31R027,I.S. 027 Anning S. Prall ,2017,0.920110959,0.079889041
31,31R027,I.S. 027 Anning S. Prall ,2018,0.914272547,0.085727453
31,31R027,I.S. 027 Anning S. Prall ,2019,0.912533133,0.087307624
31,31R027,I.S. 027 Anning S. Prall ,2020,0.916095666,0.083502985
31,31R027,I.S. 027 Anning S. Prall ,2021,0.848238342,0.151745212
31,31R028,The Eagle Academy for Young Men of Staten Island ,2016,0.927245897,0.072754103
31,31R028,The Eagle Academy for Young Men of Staten Island ,2017,0.928698806,0.071301194
31,31R028,The Eagle Academy for Young Men of Staten Island ,2018,0.921833367,0.078166633
31,31R028,The Eagle Academy for Young Men of Staten Island ,2019,0.888645527,0.093199126
31,31R028,The Eagle Academy for Young Men of Staten Island ,2020,0.892536557,0.099096227
31,31R028,The Eagle Academy for Young Men of Staten Island ,2021,0.837850261,0.162149739
31,31R034,I.S. 034 Tottenville ,2016,0.931228531,0.068771469
31,31R034,I.S. 034 Tottenville ,2017,0.930521507,0.069478493
31,31R034,I.S. 034 Tottenville ,2018,0.926247825,0.073752175
31,31R034,I.S. 034 Tottenville ,2019,0.933341976,0.066297105
31,31R034,I.S. 034 Tottenville ,2020,0.933837578,0.065766778
31,31R034,I.S. 034 Tottenville ,2021,0.962594567,0.037405433
31,31R048,P.S. 048 William G. Wilcox ,2016,0.950980624,0.049019376
31,31R048,P.S. 048 William G. Wilcox ,2017,0.950557237,0.049442763
31,31R048,P.S. 048 William G. Wilcox ,2018,0.947128173,0.052871827
31,31R048,P.S. 048 William G. Wilcox ,2019,0.949790919,0.049515585
31,31R048,P.S. 048 William G. Wilcox ,2020,0.9482219,0.051170615
31,31R048,P.S. 048 William G. Wilcox ,2021,0.9392844,0.0607156
31,31R049,I.S. 49 Berta A. Dreyfus ,2016,0.913607502,0.086392498
31,31R049,I.S. 49 Berta A. Dreyfus ,2017,0.908047594,0.091952406
31,31R049,I.S. 49 Berta A. Dreyfus ,2018,0.904888412,0.095111588
31,31R049,I.S. 49 Berta A. Dreyfus ,2019,0.910487228,0.089227363
31,31R049,I.S. 49 Berta A. Dreyfus ,2020,0.900782844,0.099123316
31,31R049,I.S. 49 Berta A. Dreyfus ,2021,0.744690869,0.255208993
31,31R051,I.S. 051 Edwin Markham ,2016,0.919161914,0.080838086
31,31R051,I.S. 051 Edwin Markham ,2017,0.910921899,0.089078101
31,31R051,I.S. 051 Edwin Markham ,2018,0.905488608,0.094511392
31,31R051,I.S. 051 Edwin Markham ,2019,0.902817452,0.097018916
31,31R051,I.S. 051 Edwin Markham ,2020,0.908703039,0.091290413
31,31R051,I.S. 051 Edwin Markham ,2021,0.815182094,0.184817906
31,31R061,I.S. 061 William A Morris ,2016,0.914417266,0.085582734
31,31R061,I.S. 061 William A Morris ,2017,0.905581205,0.094418795
31,31R061,I.S. 061 William A Morris ,2018,0.899433551,0.100566449
31,31R061,I.S. 061 William A Morris ,2019,0.900434773,0.094036797
31,31R061,I.S. 061 William A Morris ,2020,0.901822214,0.098168895
31,31R061,I.S. 061 William A Morris ,2021,0.781524969,0.218469362
31,31R063,Marsh Avenue School for Expeditionary Learning ,2016,0.955844786,0.044155214
31,31R063,Marsh Avenue School for Expeditionary Learning ,2017,0.952045971,0.047954029
31,31R063,Marsh Avenue School for Expeditionary Learning ,2018,0.946426829,0.053573171
31,31R063,Marsh Avenue School for Expeditionary Learning ,2019,0.945954482,0.048396936
31,31R063,Marsh Avenue School for Expeditionary Learning ,2020,0.949600953,0.050207174
31,31R063,Marsh Avenue School for Expeditionary Learning ,2021,0.942614954,0.057385046
31,31R072,I.S. 072 Rocco Laurie ,2016,0.940421326,0.059578674
31,31R072,I.S. 072 Rocco Laurie ,2017,0.936467002,0.063532998
31,31R072,I.S. 072 Rocco Laurie ,2018,0.935813321,0.064186679
31,31R072,I.S. 072 Rocco Laurie ,2019,0.939348663,0.06058199
31,31R072,I.S. 072 Rocco Laurie ,2020,0.939957077,0.059878533
31,31R072,I.S. 072 Rocco Laurie ,2021,0.843892509,0.156103722
31,31R075,I.S. 075 Frank D. Paulo ,2016,0.948100978,0.051899022
31,31R075,I.S. 075 Frank D. Paulo ,2017,0.94629504,0.05370496
31,31R075,I.S. 075 Frank D. Paulo ,2018,0.943543082,0.056456918
31,31R075,I.S. 075 Frank D. Paulo ,2019,0.945526461,0.054342249
31,31R075,I.S. 075 Frank D. Paulo ,2020,0.949887502,0.049992429
31,31R075,I.S. 075 Frank D. Paulo ,2021,0.957158063,0.042841937
31,31R080,The Michael J. Petrides School ,2016,0.933853869,0.066146131
31,31R080,The Michael J. Petrides School ,2017,0.936164726,0.063835274
31,31R080,The Michael J. Petrides School ,2018,0.931377015,0.068622985
31,31R080,The Michael J. Petrides School ,2019,0.90960639,0.063402221
31,31R080,The Michael J. Petrides School ,2020,0.916864686,0.067807544
31,31R080,The Michael J. Petrides School ,2021,0.839927636,0.154378116
31,31R861,Staten Island School of Civic Leadership ,2016,0.939951543,0.060048457
31,31R861,Staten Island School of Civic Leadership ,2017,0.936690257,0.063309743
31,31R861,Staten Island School of Civic Leadership ,2018,0.934289603,0.065710397
31,31R861,Staten Island School of Civic Leadership ,2019,0.930740011,0.068880726
31,31R861,Staten Island School of Civic Leadership ,2020,0.932538037,0.067452014
31,31R861,Staten Island School of Civic Leadership ,2021,0.904375769,0.095597989
